Task ID,Sprint,Component / תחום,Task Description,Owner,Dependencies,Status,Due Date
BF-000,Sprint 0 – Foundations & Alignment (הקמת תשתיות ותיאום),System Architecture,"Document a modular blueprint that maps the web app, mobile apps, backend modules, databases, and external services so every team knows how parts talk to each other.",Solution Architect,,Not Started,
BF-001,Sprint 0 – Foundations & Alignment (הקמת תשתיות ותיאום),DevOps,"Create Git repositories and CI/CD pipelines for web, mobile, and backend so code can be tested and deployed to staging automatically.",DevOps Lead,BF-000,Not Started,
BF-002,Sprint 0 – Foundations & Alignment (הקמת תשתיות ותיאום),Infrastructure,"Provision cloud environments (dev, staging, production), connect secrets management, and enable HTTPS so services can run securely.",Infra Lead,BF-001,Not Started,
BF-003,Sprint 0 – Foundations & Alignment (הקמת תשתיות ותיאום),Design System,"Build shared design tokens (colors, fonts, spacing) and starter UI kit components that both web and mobile teams can import for consistent screens.",Product Designer,BF-001,Not Started,
BF-004,Sprint 0 – Foundations & Alignment (הקמת תשתיות ותיאום),Auth,"Set up the Firebase project with email, Google, and Apple providers plus JWT hand-off to the backend so authentication groundwork exists.",Backend Lead,BF-002,Not Started,
BF-005,Sprint 0 – Foundations & Alignment (הקמת תשתיות ותיאום),Payments,"Connect to Tranzilla sandbox, store API keys securely, and run a test 1₪ pre-authorization to prove payment gateway access works before building flows.",Payments Engineer,BF-002,Not Started,
BF-101,Sprint 1 – Core Shopping Experience (חוויית קנייה),Homepage Web,"Implement dynamic homepage sections (Near Goal, Market-Breaking Deals, New Arrivals) with product cards that show discount, progress bar, and CTA.",Frontend Lead,BF-003,Not Started,
BF-102,Sprint 1 – Core Shopping Experience (חוויית קנייה),Groups API,"Build backend endpoints for near-goal, top-discount, and new groups with Redis caching so homepage data loads fast even under traffic spikes.",Backend Lead,BF-000;BF-002,Not Started,
BF-103,Sprint 1 – Core Shopping Experience (חוויית קנייה),Categories UI,"Create the category grid and feed screens with sorting (Closest to Goal, Highest Discount, Newest) plus loading skeletons for slow connections.",Frontend Lead,BF-102,Not Started,
BF-104,Sprint 1 – Core Shopping Experience (חוויית קנייה),Catalog API,"Deliver /products and /product/:id endpoints that return pricing, discount percentage, specs, and active group progress for the UI.",Backend Lead,BF-000,Not Started,
BF-105,Sprint 1 – Core Shopping Experience (חוויית קנייה),Product Page,"Design a responsive product detail page showing carousel, price comparison, countdown timer, progress bar, wishlist icon, and Join button.",Frontend Lead,BF-104;BF-003,Not Started,
BF-106,Sprint 1 – Core Shopping Experience (חוויית קנייה),Search,Implement the search overlay with trending and recent terms plus backend suggestion and result APIs using debounce to avoid extra load.,Search Engineer,BF-104,Not Started,
BF-201,Sprint 2 – Group Participation & Payments (ניהול קבוצות ותשלומים),Group Join API,"Create the /group/join endpoint that validates group status, locks the row, ensures the user is unique, and records the transaction with idempotency keys.",Backend Lead,BF-104,Not Started,
BF-202,Sprint 2 – Group Participation & Payments (ניהול קבוצות ותשלומים),Join UI,"Wire the 'Join for 1₪' button to open the Tranzilla payment modal, capture card details, and show clear success or retry guidance.",Frontend Lead,BF-201;BF-005,Not Started,
BF-203,Sprint 2 – Group Participation & Payments (ניהול קבוצות ותשלומים),Group Lifecycle,"Implement the group state machine (OPEN, LOCKED, CHARGING, CHARGED, FAILED, REFUNDED) with timestamps so automation can react reliably.",Backend Lead,BF-201,Not Started,
BF-204,Sprint 2 – Group Participation & Payments (ניהול קבוצות ותשלומים),Payment Jobs,"Set up Redis/BullMQ jobs that batch charge or refund members when group status changes, including retries and structured logs.",Payments Engineer,BF-203;BF-005,Not Started,
BF-205,Sprint 2 – Group Participation & Payments (ניהול קבוצות ותשלומים),Payment Error UX,"Create UI flows that inform users when pre-auth or charge fails, prompt for card update, and keep their spot in the group.",Frontend Lead,BF-202,Not Started,
BF-206,Sprint 2 – Group Participation & Payments (ניהול קבוצות ותשלומים),Notification Triggers,"Detect join confirmations, 70%/95% progress, 12-hour reminders, success, and failure events then enqueue notification payloads.",Notifications Engineer,BF-203,Not Started,
BF-301,Sprint 3 – User Accounts & Personalization (חשבון משתמש והתאמה אישית),Registration & Login,"Build onboarding carousel plus registration and login screens for email, Google, and Apple with clear error messages for duplicates or wrong passwords.",Mobile Lead,BF-004,Not Started,
BF-302,Sprint 3 – User Accounts & Personalization (חשבון משתמש והתאמה אישית),Profile & Settings,"Create the profile home showing personal info, payment methods, language, and notification toggles with live updates to backend settings.",Frontend Lead,BF-301,Not Started,
BF-303,Sprint 3 – User Accounts & Personalization (חשבון משתמש והתאמה אישית),Wishlist,Implement /wishlist CRUD endpoints and UI that lets users save or remove products instantly and handles removed items gracefully.,Frontend Lead,BF-105,Not Started,
BF-304,Sprint 3 – User Accounts & Personalization (חשבון משתמש והתאמה אישית),My Groups,"Build the My Groups screen with tabs (Active, Closing Soon, Charged, Refunded, Failed) showing progress bars and countdown timers that poll the backend.",Frontend Lead,BF-203,Not Started,
BF-305,Sprint 3 – User Accounts & Personalization (חשבון משתמש והתאמה אישית),Notification Preferences,"Store push, email, and marketing preferences per user and ensure the notification service respects these flags for non-mandatory alerts.",Notifications Engineer,BF-302;BF-206,Not Started,
BF-306,Sprint 3 – User Accounts & Personalization (חשבון משתמש והתאמה אישית),Analytics Events,"Track product_view, wishlist_add/remove, and search_query events so funnel dashboards later show real user behavior.",Data Analyst,BF-303,Not Started,
BF-401,"Sprint 4 – Admin, Notifications & Analytics (קונסולת אדמין ונתונים)",Admin Product Management,"Build admin console screens to add or edit products, upload images, set pricing, and assign categories with validation and previews.",Admin Portal Dev,BF-104,Not Started,
BF-402,"Sprint 4 – Admin, Notifications & Analytics (קונסולת אדמין ונתונים)",Admin Group Controls,"Allow admins to create groups, edit deadlines, force-close campaigns, or trigger manual charge/refund overrides from the console.",Admin Portal Dev,BF-401;BF-203,Not Started,
BF-403,"Sprint 4 – Admin, Notifications & Analytics (קונסולת אדמין ונתונים)",Audit Logging,"Record every admin action (price changes, manual refunds, group closures) into audit_logs with before/after snapshots.",Backend Lead,BF-402,Not Started,
BF-404,"Sprint 4 – Admin, Notifications & Analytics (קונסולת אדמין ונתונים)",Notification Workers,"Implement worker services that send pending push/email notifications through FCM and SendGrid, handle retries, and mark outcomes.",Notifications Engineer,BF-206,Not Started,
BF-405,"Sprint 4 – Admin, Notifications & Analytics (קונסולת אדמין ונתונים)",Analytics Pipeline,"Set up event collection plus nightly jobs that aggregate KPIs (GMV, completion rate, payment success) into reporting tables.",Data Engineer,BF-306,Not Started,
BF-406,"Sprint 4 – Admin, Notifications & Analytics (קונסולת אדמין ונתונים)",Executive Dashboards,"Build Mixpanel or Looker dashboards for funnels, group lifecycle, payments, and engagement so leadership can monitor KPIs.",Data Analyst,BF-405,Not Started,
BF-501,"Sprint 5 – QA, Security & Launch (איכות והשקה)",QA Plan,"Create a QA matrix covering flows A–L with positive and negative cases for join, categories, wishlist, payments, refunds, and notifications.",QA Lead,BF-205;BF-304,Not Started,
BF-502,"Sprint 5 – QA, Security & Launch (איכות והשקה)",Payments E2E Testing,"Run end-to-end payment tests from join to charge success/failure and refund in Tranzilla sandbox, then document results.",QA Lead,BF-204,Not Started,
BF-503,"Sprint 5 – QA, Security & Launch (איכות והשקה)",Security & Compliance,"Review authentication, payment handling, and admin access against PCI and privacy requirements and file remediation tickets for gaps.",Security Lead,BF-404,Not Started,
BF-504,"Sprint 5 – QA, Security & Launch (איכות והשקה)",Release Playbooks,"Document deployment checklist, rollback steps, monitoring, and incident contacts so launch night is controlled and reversible.",DevOps Lead,BF-001,Not Started,
